자치구,동,구분,연령,시점,항목
합계,합계,계,계,2020· 1/4,280126
합계,합계,계,계,2020· 2/4,264806
합계,합계,계,계,2020· 3/4,253777
합계,합계,계,계,2020· 4/4,242623
종로구,소계,계,계,2020· 1/4,10767
종로구,소계,계,계,2020· 2/4,10137
종로구,소계,계,계,2020· 3/4,9890
종로구,소계,계,계,2020· 4/4,9612
종로구,사직동,계,계,2020· 1/4,288
종로구,사직동,계,계,2020· 2/4,281
종로구,사직동,계,계,2020· 3/4,280
종로구,사직동,계,계,2020· 4/4,280
종로구,삼청동,계,계,2020· 1/4,244
종로구,삼청동,계,계,2020· 2/4,266
종로구,삼청동,계,계,2020· 3/4,270
종로구,삼청동,계,계,2020· 4/4,269
종로구,부암동,계,계,2020· 1/4,433
종로구,부암동,계,계,2020· 2/4,371
종로구,부암동,계,계,2020· 3/4,339
종로구,부암동,계,계,2020· 4/4,311
종로구,평창동,계,계,2020· 1/4,159
종로구,평창동,계,계,2020· 2/4,177
종로구,평창동,계,계,2020· 3/4,187
종로구,평창동,계,계,2020· 4/4,191
종로구,무악동,계,계,2020· 1/4,47
종로구,무악동,계,계,2020· 2/4,46
종로구,무악동,계,계,2020· 3/4,45
종로구,무악동,계,계,2020· 4/4,46
종로구,교남동,계,계,2020· 1/4,147
종로구,교남동,계,계,2020· 2/4,152
종로구,교남동,계,계,2020· 3/4,154
종로구,교남동,계,계,2020· 4/4,157
종로구,가회동,계,계,2020· 1/4,103
종로구,가회동,계,계,2020· 2/4,99
종로구,가회동,계,계,2020· 3/4,94
종로구,가회동,계,계,2020· 4/4,93
종로구,종로1·2·3·4가동,계,계,2020· 1/4,1309
종로구,종로1·2·3·4가동,계,계,2020· 2/4,1278
종로구,종로1·2·3·4가동,계,계,2020· 3/4,1212
종로구,종로1·2·3·4가동,계,계,2020· 4/4,1192
종로구,종로5·6가동,계,계,2020· 1/4,485
종로구,종로5·6가동,계,계,2020· 2/4,477
종로구,종로5·6가동,계,계,2020· 3/4,459
종로구,종로5·6가동,계,계,2020· 4/4,414
종로구,이화동,계,계,2020· 1/4,632
종로구,이화동,계,계,2020· 2/4,562
종로구,이화동,계,계,2020· 3/4,550
종로구,이화동,계,계,2020· 4/4,523
종로구,창신1동,계,계,2020· 1/4,858
종로구,창신1동,계,계,2020· 2/4,854
종로구,창신1동,계,계,2020· 3/4,870
종로구,창신1동,계,계,2020· 4/4,835
종로구,창신2동,계,계,2020· 1/4,1273
종로구,창신2동,계,계,2020· 2/4,1260
종로구,창신2동,계,계,2020· 3/4,1223
종로구,창신2동,계,계,2020· 4/4,1185
종로구,창신3동,계,계,2020· 1/4,173
종로구,창신3동,계,계,2020· 2/4,188
종로구,창신3동,계,계,2020· 3/4,185
종로구,창신3동,계,계,2020· 4/4,182
종로구,숭인1동,계,계,2020· 1/4,334
종로구,숭인1동,계,계,2020· 2/4,345
종로구,숭인1동,계,계,2020· 3/4,329
종로구,숭인1동,계,계,2020· 4/4,310
종로구,숭인2동,계,계,2020· 1/4,457
종로구,숭인2동,계,계,2020· 2/4,447
종로구,숭인2동,계,계,2020· 3/4,459
종로구,숭인2동,계,계,2020· 4/4,487
종로구,청운효자동,계,계,2020· 1/4,237
종로구,청운효자동,계,계,2020· 2/4,246
종로구,청운효자동,계,계,2020· 3/4,229
종로구,청운효자동,계,계,2020· 4/4,202
종로구,혜화동,계,계,2020· 1/4,3588
종로구,혜화동,계,계,2020· 2/4,3088
종로구,혜화동,계,계,2020· 3/4,3005
종로구,혜화동,계,계,2020· 4/4,2935
중구,소계,계,계,2020· 1/4,10294
중구,소계,계,계,2020· 2/4,9938
중구,소계,계,계,2020· 3/4,9521
중구,소계,계,계,2020· 4/4,9395
중구,소공동,계,계,2020· 1/4,940
중구,소공동,계,계,2020· 2/4,942
중구,소공동,계,계,2020· 3/4,920
중구,소공동,계,계,2020· 4/4,942
중구,회현동,계,계,2020· 1/4,595
중구,회현동,계,계,2020· 2/4,611
중구,회현동,계,계,2020· 3/4,621
중구,회현동,계,계,2020· 4/4,621
중구,명동,계,계,2020· 1/4,668
중구,명동,계,계,2020· 2/4,701
중구,명동,계,계,2020· 3/4,693
중구,명동,계,계,2020· 4/4,771
중구,필동,계,계,2020· 1/4,962
중구,필동,계,계,2020· 2/4,855
중구,필동,계,계,2020· 3/4,753
중구,필동,계,계,2020· 4/4,720
중구,장충동,계,계,2020· 1/4,888
중구,장충동,계,계,2020· 2/4,831
중구,장충동,계,계,2020· 3/4,810
중구,장충동,계,계,2020· 4/4,804
중구,광희동,계,계,2020· 1/4,1496
중구,광희동,계,계,2020· 2/4,1429
중구,광희동,계,계,2020· 3/4,1292
중구,광희동,계,계,2020· 4/4,1192
중구,을지로동,계,계,2020· 1/4,192
중구,을지로동,계,계,2020· 2/4,176
중구,을지로동,계,계,2020· 3/4,155
중구,을지로동,계,계,2020· 4/4,151
중구,신당5동,계,계,2020· 1/4,369
중구,신당5동,계,계,2020· 2/4,358
중구,신당5동,계,계,2020· 3/4,352
중구,신당5동,계,계,2020· 4/4,340
중구,황학동,계,계,2020· 1/4,1051
중구,황학동,계,계,2020· 2/4,1009
중구,황학동,계,계,2020· 3/4,995
중구,황학동,계,계,2020· 4/4,948
중구,중림동,계,계,2020· 1/4,317
중구,중림동,계,계,2020· 2/4,319
중구,중림동,계,계,2020· 3/4,301
중구,중림동,계,계,2020· 4/4,303
중구,신당동,계,계,2020· 1/4,1706
중구,신당동,계,계,2020· 2/4,1639
중구,신당동,계,계,2020· 3/4,1512
중구,신당동,계,계,2020· 4/4,1499
중구,다산동,계,계,2020· 1/4,525
중구,다산동,계,계,2020· 2/4,502
중구,다산동,계,계,2020· 3/4,496
중구,다산동,계,계,2020· 4/4,482
중구,약수동,계,계,2020· 1/4,210
중구,약수동,계,계,2020· 2/4,202
중구,약수동,계,계,2020· 3/4,223
중구,약수동,계,계,2020· 4/4,226
중구,청구동,계,계,2020· 1/4,213
중구,청구동,계,계,2020· 2/4,204
중구,청구동,계,계,2020· 3/4,225
중구,청구동,계,계,2020· 4/4,225
중구,동화동,계,계,2020· 1/4,162
중구,동화동,계,계,2020· 2/4,160
중구,동화동,계,계,2020· 3/4,173
중구,동화동,계,계,2020· 4/4,171
용산구,소계,계,계,2020· 1/4,16586
용산구,소계,계,계,2020· 2/4,15931
용산구,소계,계,계,2020· 3/4,15167
용산구,소계,계,계,2020· 4/4,14605
용산구,후암동,계,계,2020· 1/4,557
용산구,후암동,계,계,2020· 2/4,547
용산구,후암동,계,계,2020· 3/4,534
용산구,후암동,계,계,2020· 4/4,506
용산구,용산2가동,계,계,2020· 1/4,1427
용산구,용산2가동,계,계,2020· 2/4,1379
용산구,용산2가동,계,계,2020· 3/4,1317
용산구,용산2가동,계,계,2020· 4/4,1300
용산구,남영동,계,계,2020· 1/4,616
용산구,남영동,계,계,2020· 2/4,532
용산구,남영동,계,계,2020· 3/4,491
용산구,남영동,계,계,2020· 4/4,493
용산구,원효로2동,계,계,2020· 1/4,156
용산구,원효로2동,계,계,2020· 2/4,153
용산구,원효로2동,계,계,2020· 3/4,147
용산구,원효로2동,계,계,2020· 4/4,129
용산구,효창동,계,계,2020· 1/4,127
용산구,효창동,계,계,2020· 2/4,128
용산구,효창동,계,계,2020· 3/4,121
용산구,효창동,계,계,2020· 4/4,121
용산구,용문동,계,계,2020· 1/4,141
용산구,용문동,계,계,2020· 2/4,130
용산구,용문동,계,계,2020· 3/4,134
용산구,용문동,계,계,2020· 4/4,128
용산구,이촌1동,계,계,2020· 1/4,865
용산구,이촌1동,계,계,2020· 2/4,843
용산구,이촌1동,계,계,2020· 3/4,844
용산구,이촌1동,계,계,2020· 4/4,822
용산구,이촌2동,계,계,2020· 1/4,103
용산구,이촌2동,계,계,2020· 2/4,94
용산구,이촌2동,계,계,2020· 3/4,91
용산구,이촌2동,계,계,2020· 4/4,81
용산구,이태원1동,계,계,2020· 1/4,2347
용산구,이태원1동,계,계,2020· 2/4,2254
용산구,이태원1동,계,계,2020· 3/4,1994
용산구,이태원1동,계,계,2020· 4/4,1841
용산구,이태원2동,계,계,2020· 1/4,1591
용산구,이태원2동,계,계,2020· 2/4,1543
용산구,이태원2동,계,계,2020· 3/4,1532
용산구,이태원2동,계,계,2020· 4/4,1510
용산구,서빙고동,계,계,2020· 1/4,778
용산구,서빙고동,계,계,2020· 2/4,794
용산구,서빙고동,계,계,2020· 3/4,781
용산구,서빙고동,계,계,2020· 4/4,813
용산구,보광동,계,계,2020· 1/4,1712
용산구,보광동,계,계,2020· 2/4,1730
용산구,보광동,계,계,2020· 3/4,1522
용산구,보광동,계,계,2020· 4/4,1315
용산구,청파동,계,계,2020· 1/4,863
용산구,청파동,계,계,2020· 2/4,747
용산구,청파동,계,계,2020· 3/4,691
용산구,청파동,계,계,2020· 4/4,667
용산구,원효로1동,계,계,2020· 1/4,639
용산구,원효로1동,계,계,2020· 2/4,652
용산구,원효로1동,계,계,2020· 3/4,650
용산구,원효로1동,계,계,2020· 4/4,641
용산구,한강로동,계,계,2020· 1/4,1665
용산구,한강로동,계,계,2020· 2/4,1619
용산구,한강로동,계,계,2020· 3/4,1639
용산구,한강로동,계,계,2020· 4/4,1653
용산구,한남동,계,계,2020· 1/4,2999
용산구,한남동,계,계,2020· 2/4,2786
용산구,한남동,계,계,2020· 3/4,2679
용산구,한남동,계,계,2020· 4/4,2585
성동구,소계,계,계,2020· 1/4,8151
성동구,소계,계,계,2020· 2/4,7454
성동구,소계,계,계,2020· 3/4,7104
성동구,소계,계,계,2020· 4/4,6949
성동구,왕십리2동,계,계,2020· 1/4,415
성동구,왕십리2동,계,계,2020· 2/4,380
성동구,왕십리2동,계,계,2020· 3/4,367
성동구,왕십리2동,계,계,2020· 4/4,331
성동구,마장동,계,계,2020· 1/4,716
성동구,마장동,계,계,2020· 2/4,661
성동구,마장동,계,계,2020· 3/4,643
성동구,마장동,계,계,2020· 4/4,674
성동구,사근동,계,계,2020· 1/4,1899
성동구,사근동,계,계,2020· 2/4,1610
성동구,사근동,계,계,2020· 3/4,1475
성동구,사근동,계,계,2020· 4/4,1580
성동구,행당1동,계,계,2020· 1/4,465
성동구,행당1동,계,계,2020· 2/4,354
성동구,행당1동,계,계,2020· 3/4,302
성동구,행당1동,계,계,2020· 4/4,286
성동구,행당2동,계,계,2020· 1/4,90
성동구,행당2동,계,계,2020· 2/4,92
성동구,행당2동,계,계,2020· 3/4,89
성동구,행당2동,계,계,2020· 4/4,88
성동구,응봉동,계,계,2020· 1/4,70
성동구,응봉동,계,계,2020· 2/4,65
성동구,응봉동,계,계,2020· 3/4,66
성동구,응봉동,계,계,2020· 4/4,60
성동구,금호1가동,계,계,2020· 1/4,98
성동구,금호1가동,계,계,2020· 2/4,97
성동구,금호1가동,계,계,2020· 3/4,84
성동구,금호1가동,계,계,2020· 4/4,84
성동구,금호4가동,계,계,2020· 1/4,138
성동구,금호4가동,계,계,2020· 2/4,137
성동구,금호4가동,계,계,2020· 3/4,145
성동구,금호4가동,계,계,2020· 4/4,138
성동구,성수1가1동,계,계,2020· 1/4,331
성동구,성수1가1동,계,계,2020· 2/4,324
성동구,성수1가1동,계,계,2020· 3/4,314
성동구,성수1가1동,계,계,2020· 4/4,298
성동구,성수1가2동,계,계,2020· 1/4,381
성동구,성수1가2동,계,계,2020· 2/4,339
성동구,성수1가2동,계,계,2020· 3/4,292
성동구,성수1가2동,계,계,2020· 4/4,286
성동구,성수2가1동,계,계,2020· 1/4,639
성동구,성수2가1동,계,계,2020· 2/4,623
성동구,성수2가1동,계,계,2020· 3/4,603
성동구,성수2가1동,계,계,2020· 4/4,557
성동구,성수2가3동,계,계,2020· 1/4,333
성동구,성수2가3동,계,계,2020· 2/4,303
성동구,성수2가3동,계,계,2020· 3/4,299
성동구,성수2가3동,계,계,2020· 4/4,280
성동구,송정동,계,계,2020· 1/4,452
성동구,송정동,계,계,2020· 2/4,452
성동구,송정동,계,계,2020· 3/4,449
성동구,송정동,계,계,2020· 4/4,418
성동구,용답동,계,계,2020· 1/4,1138
성동구,용답동,계,계,2020· 2/4,1054
성동구,용답동,계,계,2020· 3/4,1031
성동구,용답동,계,계,2020· 4/4,936
성동구,왕십리도선동,계,계,2020· 1/4,509
성동구,왕십리도선동,계,계,2020· 2/4,508
성동구,왕십리도선동,계,계,2020· 3/4,516
성동구,왕십리도선동,계,계,2020· 4/4,507
성동구,금호2·3가동,계,계,2020· 1/4,203
성동구,금호2·3가동,계,계,2020· 2/4,186
성동구,금호2·3가동,계,계,2020· 3/4,178
성동구,금호2·3가동,계,계,2020· 4/4,175
성동구,옥수동,계,계,2020· 1/4,274
성동구,옥수동,계,계,2020· 2/4,269
성동구,옥수동,계,계,2020· 3/4,251
성동구,옥수동,계,계,2020· 4/4,251
광진구,소계,계,계,2020· 1/4,15573
광진구,소계,계,계,2020· 2/4,14351
광진구,소계,계,계,2020· 3/4,13859
광진구,소계,계,계,2020· 4/4,13427
광진구,화양동,계,계,2020· 1/4,3442
광진구,화양동,계,계,2020· 2/4,2903
광진구,화양동,계,계,2020· 3/4,2824
광진구,화양동,계,계,2020· 4/4,2883
광진구,군자동,계,계,2020· 1/4,2286
광진구,군자동,계,계,2020· 2/4,2055
광진구,군자동,계,계,2020· 3/4,1906
광진구,군자동,계,계,2020· 4/4,1973
광진구,중곡1동,계,계,2020· 1/4,449
광진구,중곡1동,계,계,2020· 2/4,442
광진구,중곡1동,계,계,2020· 3/4,433
광진구,중곡1동,계,계,2020· 4/4,398
광진구,중곡2동,계,계,2020· 1/4,335
광진구,중곡2동,계,계,2020· 2/4,341
광진구,중곡2동,계,계,2020· 3/4,336
광진구,중곡2동,계,계,2020· 4/4,342
광진구,중곡3동,계,계,2020· 1/4,255
광진구,중곡3동,계,계,2020· 2/4,245
광진구,중곡3동,계,계,2020· 3/4,229
광진구,중곡3동,계,계,2020· 4/4,219
광진구,중곡4동,계,계,2020· 1/4,418
광진구,중곡4동,계,계,2020· 2/4,426
광진구,중곡4동,계,계,2020· 3/4,431
광진구,중곡4동,계,계,2020· 4/4,428
광진구,능동,계,계,2020· 1/4,391
광진구,능동,계,계,2020· 2/4,362
광진구,능동,계,계,2020· 3/4,323
광진구,능동,계,계,2020· 4/4,303
광진구,구의1동,계,계,2020· 1/4,751
광진구,구의1동,계,계,2020· 2/4,711
광진구,구의1동,계,계,2020· 3/4,711
광진구,구의1동,계,계,2020· 4/4,660
광진구,구의2동,계,계,2020· 1/4,471
광진구,구의2동,계,계,2020· 2/4,460
광진구,구의2동,계,계,2020· 3/4,472
광진구,구의2동,계,계,2020· 4/4,490
광진구,구의3동,계,계,2020· 1/4,313
광진구,구의3동,계,계,2020· 2/4,304
광진구,구의3동,계,계,2020· 3/4,307
광진구,구의3동,계,계,2020· 4/4,271
광진구,광장동,계,계,2020· 1/4,179
광진구,광장동,계,계,2020· 2/4,185
광진구,광장동,계,계,2020· 3/4,184
광진구,광장동,계,계,2020· 4/4,179
광진구,자양1동,계,계,2020· 1/4,1084
광진구,자양1동,계,계,2020· 2/4,1019
광진구,자양1동,계,계,2020· 3/4,978
광진구,자양1동,계,계,2020· 4/4,920
광진구,자양2동,계,계,2020· 1/4,429
광진구,자양2동,계,계,2020· 2/4,422
광진구,자양2동,계,계,2020· 3/4,396
광진구,자양2동,계,계,2020· 4/4,375
광진구,자양3동,계,계,2020· 1/4,284
광진구,자양3동,계,계,2020· 2/4,271
광진구,자양3동,계,계,2020· 3/4,269
광진구,자양3동,계,계,2020· 4/4,270
광진구,자양4동,계,계,2020· 1/4,4486
광진구,자양4동,계,계,2020· 2/4,4205
광진구,자양4동,계,계,2020· 3/4,4060
광진구,자양4동,계,계,2020· 4/4,3716
동대문구,소계,계,계,2020· 1/4,16637
동대문구,소계,계,계,2020· 2/4,14787
동대문구,소계,계,계,2020· 3/4,14263
동대문구,소계,계,계,2020· 4/4,14177
동대문구,회기동,계,계,2020· 1/4,2700
동대문구,회기동,계,계,2020· 2/4,2283
동대문구,회기동,계,계,2020· 3/4,2141
동대문구,회기동,계,계,2020· 4/4,2190
동대문구,휘경1동,계,계,2020· 1/4,1959
동대문구,휘경1동,계,계,2020· 2/4,1690
동대문구,휘경1동,계,계,2020· 3/4,1675
동대문구,휘경1동,계,계,2020· 4/4,1731
동대문구,휘경2동,계,계,2020· 1/4,749
동대문구,휘경2동,계,계,2020· 2/4,682
동대문구,휘경2동,계,계,2020· 3/4,676
동대문구,휘경2동,계,계,2020· 4/4,695
동대문구,청량리동,계,계,2020· 1/4,639
동대문구,청량리동,계,계,2020· 2/4,619
동대문구,청량리동,계,계,2020· 3/4,586
동대문구,청량리동,계,계,2020· 4/4,562
동대문구,용신동,계,계,2020· 1/4,1529
동대문구,용신동,계,계,2020· 2/4,1462
동대문구,용신동,계,계,2020· 3/4,1433
동대문구,용신동,계,계,2020· 4/4,1412
동대문구,제기동,계,계,2020· 1/4,2407
동대문구,제기동,계,계,2020· 2/4,2156
동대문구,제기동,계,계,2020· 3/4,2053
동대문구,제기동,계,계,2020· 4/4,2023
동대문구,전농1동,계,계,2020· 1/4,549
동대문구,전농1동,계,계,2020· 2/4,545
동대문구,전농1동,계,계,2020· 3/4,555
동대문구,전농1동,계,계,2020· 4/4,518
동대문구,전농2동,계,계,2020· 1/4,464
동대문구,전농2동,계,계,2020· 2/4,348
동대문구,전농2동,계,계,2020· 3/4,368
동대문구,전농2동,계,계,2020· 4/4,268
동대문구,답십리2동,계,계,2020· 1/4,327
동대문구,답십리2동,계,계,2020· 2/4,301
동대문구,답십리2동,계,계,2020· 3/4,292
동대문구,답십리2동,계,계,2020· 4/4,277
동대문구,장안1동,계,계,2020· 1/4,651
동대문구,장안1동,계,계,2020· 2/4,613
동대문구,장안1동,계,계,2020· 3/4,594
동대문구,장안1동,계,계,2020· 4/4,577
동대문구,장안2동,계,계,2020· 1/4,321
동대문구,장안2동,계,계,2020· 2/4,312
동대문구,장안2동,계,계,2020· 3/4,298
동대문구,장안2동,계,계,2020· 4/4,300
동대문구,이문1동,계,계,2020· 1/4,3387
동대문구,이문1동,계,계,2020· 2/4,2834
동대문구,이문1동,계,계,2020· 3/4,2693
동대문구,이문1동,계,계,2020· 4/4,2728
동대문구,이문2동,계,계,2020· 1/4,516
동대문구,이문2동,계,계,2020· 2/4,505
동대문구,이문2동,계,계,2020· 3/4,483
동대문구,이문2동,계,계,2020· 4/4,484
동대문구,답십리1동,계,계,2020· 1/4,439
동대문구,답십리1동,계,계,2020· 2/4,437
동대문구,답십리1동,계,계,2020· 3/4,416
동대문구,답십리1동,계,계,2020· 4/4,412
중랑구,소계,계,계,2020· 1/4,5059
중랑구,소계,계,계,2020· 2/4,5001
중랑구,소계,계,계,2020· 3/4,4992
중랑구,소계,계,계,2020· 4/4,4860
중랑구,면목2동,계,계,2020· 1/4,349
중랑구,면목2동,계,계,2020· 2/4,355
중랑구,면목2동,계,계,2020· 3/4,350
중랑구,면목2동,계,계,2020· 4/4,349
중랑구,면목4동,계,계,2020· 1/4,304
중랑구,면목4동,계,계,2020· 2/4,311
중랑구,면목4동,계,계,2020· 3/4,305
중랑구,면목4동,계,계,2020· 4/4,298
중랑구,면목5동,계,계,2020· 1/4,126
중랑구,면목5동,계,계,2020· 2/4,119
중랑구,면목5동,계,계,2020· 3/4,132
중랑구,면목5동,계,계,2020· 4/4,124
중랑구,면목7동,계,계,2020· 1/4,341
중랑구,면목7동,계,계,2020· 2/4,348
중랑구,면목7동,계,계,2020· 3/4,351
중랑구,면목7동,계,계,2020· 4/4,328
중랑구,상봉1동,계,계,2020· 1/4,177
중랑구,상봉1동,계,계,2020· 2/4,166
중랑구,상봉1동,계,계,2020· 3/4,159
중랑구,상봉1동,계,계,2020· 4/4,149
중랑구,상봉2동,계,계,2020· 1/4,321
중랑구,상봉2동,계,계,2020· 2/4,322
중랑구,상봉2동,계,계,2020· 3/4,328
중랑구,상봉2동,계,계,2020· 4/4,315
중랑구,중화1동,계,계,2020· 1/4,193
중랑구,중화1동,계,계,2020· 2/4,184
중랑구,중화1동,계,계,2020· 3/4,180
중랑구,중화1동,계,계,2020· 4/4,176
중랑구,중화2동,계,계,2020· 1/4,529
중랑구,중화2동,계,계,2020· 2/4,531
중랑구,중화2동,계,계,2020· 3/4,528
중랑구,중화2동,계,계,2020· 4/4,495
중랑구,묵1동,계,계,2020· 1/4,185
중랑구,묵1동,계,계,2020· 2/4,185
중랑구,묵1동,계,계,2020· 3/4,181
중랑구,묵1동,계,계,2020· 4/4,189
중랑구,묵2동,계,계,2020· 1/4,242
중랑구,묵2동,계,계,2020· 2/4,235
중랑구,묵2동,계,계,2020· 3/4,231
중랑구,묵2동,계,계,2020· 4/4,244
중랑구,망우3동,계,계,2020· 1/4,386
중랑구,망우3동,계,계,2020· 2/4,392
중랑구,망우3동,계,계,2020· 3/4,389
중랑구,망우3동,계,계,2020· 4/4,381
중랑구,신내1동,계,계,2020· 1/4,141
중랑구,신내1동,계,계,2020· 2/4,152
중랑구,신내1동,계,계,2020· 3/4,150
중랑구,신내1동,계,계,2020· 4/4,150
중랑구,신내2동,계,계,2020· 1/4,98
중랑구,신내2동,계,계,2020· 2/4,91
중랑구,신내2동,계,계,2020· 3/4,91
중랑구,신내2동,계,계,2020· 4/4,88
중랑구,면목본동,계,계,2020· 1/4,866
중랑구,면목본동,계,계,2020· 2/4,843
중랑구,면목본동,계,계,2020· 3/4,843
중랑구,면목본동,계,계,2020· 4/4,802
중랑구,면목3·8동,계,계,2020· 1/4,450
중랑구,면목3·8동,계,계,2020· 2/4,421
중랑구,면목3·8동,계,계,2020· 3/4,415
중랑구,면목3·8동,계,계,2020· 4/4,419
중랑구,망우본동,계,계,2020· 1/4,351
중랑구,망우본동,계,계,2020· 2/4,346
중랑구,망우본동,계,계,2020· 3/4,359
중랑구,망우본동,계,계,2020· 4/4,353
성북구,소계,계,계,2020· 1/4,12038
성북구,소계,계,계,2020· 2/4,10478
성북구,소계,계,계,2020· 3/4,10152
성북구,소계,계,계,2020· 4/4,9903
성북구,돈암1동,계,계,2020· 1/4,107
성북구,돈암1동,계,계,2020· 2/4,96
성북구,돈암1동,계,계,2020· 3/4,95
성북구,돈암1동,계,계,2020· 4/4,87
성북구,돈암2동,계,계,2020· 1/4,93
성북구,돈암2동,계,계,2020· 2/4,95
성북구,돈암2동,계,계,2020· 3/4,102
성북구,돈암2동,계,계,2020· 4/4,97
성북구,안암동,계,계,2020· 1/4,2094
성북구,안암동,계,계,2020· 2/4,1612
성북구,안암동,계,계,2020· 3/4,1481
성북구,안암동,계,계,2020· 4/4,1487
성북구,보문동,계,계,2020· 1/4,381
성북구,보문동,계,계,2020· 2/4,364
성북구,보문동,계,계,2020· 3/4,366
성북구,보문동,계,계,2020· 4/4,355
성북구,정릉1동,계,계,2020· 1/4,462
성북구,정릉1동,계,계,2020· 2/4,329
성북구,정릉1동,계,계,2020· 3/4,256
성북구,정릉1동,계,계,2020· 4/4,252
성북구,정릉2동,계,계,2020· 1/4,284
성북구,정릉2동,계,계,2020· 2/4,223
성북구,정릉2동,계,계,2020· 3/4,223
성북구,정릉2동,계,계,2020· 4/4,235
성북구,정릉3동,계,계,2020· 1/4,1610
성북구,정릉3동,계,계,2020· 2/4,1381
성북구,정릉3동,계,계,2020· 3/4,1376
성북구,정릉3동,계,계,2020· 4/4,1306
성북구,정릉4동,계,계,2020· 1/4,402
성북구,정릉4동,계,계,2020· 2/4,355
성북구,정릉4동,계,계,2020· 3/4,384
성북구,정릉4동,계,계,2020· 4/4,384
성북구,길음1동,계,계,2020· 1/4,196
성북구,길음1동,계,계,2020· 2/4,178
성북구,길음1동,계,계,2020· 3/4,165
성북구,길음1동,계,계,2020· 4/4,166
성북구,길음2동,계,계,2020· 1/4,137
성북구,길음2동,계,계,2020· 2/4,137
성북구,길음2동,계,계,2020· 3/4,131
성북구,길음2동,계,계,2020· 4/4,116
성북구,월곡1동,계,계,2020· 1/4,204
성북구,월곡1동,계,계,2020· 2/4,197
성북구,월곡1동,계,계,2020· 3/4,203
성북구,월곡1동,계,계,2020· 4/4,190
성북구,월곡2동,계,계,2020· 1/4,585
성북구,월곡2동,계,계,2020· 2/4,549
성북구,월곡2동,계,계,2020· 3/4,516
성북구,월곡2동,계,계,2020· 4/4,468
성북구,장위1동,계,계,2020· 1/4,204
성북구,장위1동,계,계,2020· 2/4,204
성북구,장위1동,계,계,2020· 3/4,199
성북구,장위1동,계,계,2020· 4/4,181
성북구,장위2동,계,계,2020· 1/4,228
성북구,장위2동,계,계,2020· 2/4,230
성북구,장위2동,계,계,2020· 3/4,237
성북구,장위2동,계,계,2020· 4/4,239
성북구,장위3동,계,계,2020· 1/4,212
성북구,장위3동,계,계,2020· 2/4,194
성북구,장위3동,계,계,2020· 3/4,179
성북구,장위3동,계,계,2020· 4/4,159
성북구,성북동,계,계,2020· 1/4,548
성북구,성북동,계,계,2020· 2/4,542
성북구,성북동,계,계,2020· 3/4,555
성북구,성북동,계,계,2020· 4/4,536
성북구,삼선동,계,계,2020· 1/4,658
성북구,삼선동,계,계,2020· 2/4,564
성북구,삼선동,계,계,2020· 3/4,568
성북구,삼선동,계,계,2020· 4/4,564
성북구,동선동,계,계,2020· 1/4,856
성북구,동선동,계,계,2020· 2/4,711
성북구,동선동,계,계,2020· 3/4,659
성북구,동선동,계,계,2020· 4/4,636
성북구,종암동,계,계,2020· 1/4,1817
성북구,종암동,계,계,2020· 2/4,1581
성북구,종암동,계,계,2020· 3/4,1557
성북구,종암동,계,계,2020· 4/4,1567
성북구,석관동,계,계,2020· 1/4,960
성북구,석관동,계,계,2020· 2/4,936
성북구,석관동,계,계,2020· 3/4,900
성북구,석관동,계,계,2020· 4/4,878
강북구,소계,계,계,2020· 1/4,3765
강북구,소계,계,계,2020· 2/4,3622
강북구,소계,계,계,2020· 3/4,3554
강북구,소계,계,계,2020· 4/4,3514
강북구,번1동,계,계,2020· 1/4,417
강북구,번1동,계,계,2020· 2/4,406
강북구,번1동,계,계,2020· 3/4,395
강북구,번1동,계,계,2020· 4/4,382
강북구,번2동,계,계,2020· 1/4,140
강북구,번2동,계,계,2020· 2/4,132
강북구,번2동,계,계,2020· 3/4,114
강북구,번2동,계,계,2020· 4/4,109
강북구,번3동,계,계,2020· 1/4,87
강북구,번3동,계,계,2020· 2/4,77
강북구,번3동,계,계,2020· 3/4,68
강북구,번3동,계,계,2020· 4/4,65
강북구,수유1동,계,계,2020· 1/4,264
강북구,수유1동,계,계,2020· 2/4,252
강북구,수유1동,계,계,2020· 3/4,250
강북구,수유1동,계,계,2020· 4/4,249
강북구,수유2동,계,계,2020· 1/4,141
강북구,수유2동,계,계,2020· 2/4,145
강북구,수유2동,계,계,2020· 3/4,140
강북구,수유2동,계,계,2020· 4/4,135
강북구,수유3동,계,계,2020· 1/4,397
강북구,수유3동,계,계,2020· 2/4,388
강북구,수유3동,계,계,2020· 3/4,372
강북구,수유3동,계,계,2020· 4/4,376
강북구,삼양동,계,계,2020· 1/4,191
강북구,삼양동,계,계,2020· 2/4,183
강북구,삼양동,계,계,2020· 3/4,183
강북구,삼양동,계,계,2020· 4/4,187
강북구,미아동,계,계,2020· 1/4,523
강북구,미아동,계,계,2020· 2/4,499
강북구,미아동,계,계,2020· 3/4,505
강북구,미아동,계,계,2020· 4/4,510
강북구,송중동,계,계,2020· 1/4,629
강북구,송중동,계,계,2020· 2/4,599
강북구,송중동,계,계,2020· 3/4,599
강북구,송중동,계,계,2020· 4/4,581
강북구,송천동,계,계,2020· 1/4,473
강북구,송천동,계,계,2020· 2/4,455
강북구,송천동,계,계,2020· 3/4,448
강북구,송천동,계,계,2020· 4/4,432
강북구,삼각산동,계,계,2020· 1/4,130
강북구,삼각산동,계,계,2020· 2/4,127
강북구,삼각산동,계,계,2020· 3/4,126
강북구,삼각산동,계,계,2020· 4/4,125
강북구,우이동,계,계,2020· 1/4,148
강북구,우이동,계,계,2020· 2/4,142
강북구,우이동,계,계,2020· 3/4,138
강북구,우이동,계,계,2020· 4/4,137
강북구,인수동,계,계,2020· 1/4,225
강북구,인수동,계,계,2020· 2/4,217
강북구,인수동,계,계,2020· 3/4,216
강북구,인수동,계,계,2020· 4/4,226
도봉구,소계,계,계,2020· 1/4,2257
도봉구,소계,계,계,2020· 2/4,2184
도봉구,소계,계,계,2020· 3/4,2052
도봉구,소계,계,계,2020· 4/4,2104
도봉구,쌍문1동,계,계,2020· 1/4,236
도봉구,쌍문1동,계,계,2020· 2/4,222
도봉구,쌍문1동,계,계,2020· 3/4,164
도봉구,쌍문1동,계,계,2020· 4/4,226
도봉구,쌍문2동,계,계,2020· 1/4,193
도봉구,쌍문2동,계,계,2020· 2/4,189
도봉구,쌍문2동,계,계,2020· 3/4,165
도봉구,쌍문2동,계,계,2020· 4/4,160
도봉구,쌍문3동,계,계,2020· 1/4,176
도봉구,쌍문3동,계,계,2020· 2/4,160
도봉구,쌍문3동,계,계,2020· 3/4,159
도봉구,쌍문3동,계,계,2020· 4/4,153
도봉구,쌍문4동,계,계,2020· 1/4,42
도봉구,쌍문4동,계,계,2020· 2/4,34
도봉구,쌍문4동,계,계,2020· 3/4,35
도봉구,쌍문4동,계,계,2020· 4/4,35
도봉구,방학1동,계,계,2020· 1/4,293
도봉구,방학1동,계,계,2020· 2/4,282
도봉구,방학1동,계,계,2020· 3/4,265
도봉구,방학1동,계,계,2020· 4/4,261
도봉구,방학2동,계,계,2020· 1/4,198
도봉구,방학2동,계,계,2020· 2/4,193
도봉구,방학2동,계,계,2020· 3/4,191
도봉구,방학2동,계,계,2020· 4/4,191
도봉구,방학3동,계,계,2020· 1/4,77
도봉구,방학3동,계,계,2020· 2/4,72
도봉구,방학3동,계,계,2020· 3/4,73
도봉구,방학3동,계,계,2020· 4/4,72
도봉구,창1동,계,계,2020· 1/4,162
도봉구,창1동,계,계,2020· 2/4,161
도봉구,창1동,계,계,2020· 3/4,156
도봉구,창1동,계,계,2020· 4/4,159
도봉구,창2동,계,계,2020· 1/4,277
도봉구,창2동,계,계,2020· 2/4,277
도봉구,창2동,계,계,2020· 3/4,271
도봉구,창2동,계,계,2020· 4/4,269
도봉구,창3동,계,계,2020· 1/4,98
도봉구,창3동,계,계,2020· 2/4,102
도봉구,창3동,계,계,2020· 3/4,95
도봉구,창3동,계,계,2020· 4/4,92
도봉구,창4동,계,계,2020· 1/4,103
도봉구,창4동,계,계,2020· 2/4,92
도봉구,창4동,계,계,2020· 3/4,89
도봉구,창4동,계,계,2020· 4/4,91
도봉구,창5동,계,계,2020· 1/4,121
도봉구,창5동,계,계,2020· 2/4,122
도봉구,창5동,계,계,2020· 3/4,115
도봉구,창5동,계,계,2020· 4/4,110
도봉구,도봉1동,계,계,2020· 1/4,152
도봉구,도봉1동,계,계,2020· 2/4,152
도봉구,도봉1동,계,계,2020· 3/4,148
도봉구,도봉1동,계,계,2020· 4/4,150
도봉구,도봉2동,계,계,2020· 1/4,129
도봉구,도봉2동,계,계,2020· 2/4,126
도봉구,도봉2동,계,계,2020· 3/4,126
도봉구,도봉2동,계,계,2020· 4/4,135
노원구,소계,계,계,2020· 1/4,4458
노원구,소계,계,계,2020· 2/4,4154
노원구,소계,계,계,2020· 3/4,4046
노원구,소계,계,계,2020· 4/4,3995
노원구,월계1동,계,계,2020· 1/4,726
노원구,월계1동,계,계,2020· 2/4,639
노원구,월계1동,계,계,2020· 3/4,633
노원구,월계1동,계,계,2020· 4/4,639
노원구,월계2동,계,계,2020· 1/4,147
노원구,월계2동,계,계,2020· 2/4,149
노원구,월계2동,계,계,2020· 3/4,147
노원구,월계2동,계,계,2020· 4/4,143
노원구,월계3동,계,계,2020· 1/4,203
노원구,월계3동,계,계,2020· 2/4,197
노원구,월계3동,계,계,2020· 3/4,196
노원구,월계3동,계,계,2020· 4/4,185
노원구,공릉2동,계,계,2020· 1/4,660
노원구,공릉2동,계,계,2020· 2/4,637
노원구,공릉2동,계,계,2020· 3/4,602
노원구,공릉2동,계,계,2020· 4/4,600
노원구,하계1동,계,계,2020· 1/4,642
노원구,하계1동,계,계,2020· 2/4,552
노원구,하계1동,계,계,2020· 3/4,493
노원구,하계1동,계,계,2020· 4/4,494
노원구,하계2동,계,계,2020· 1/4,59
노원구,하계2동,계,계,2020· 2/4,59
노원구,하계2동,계,계,2020· 3/4,62
노원구,하계2동,계,계,2020· 4/4,58
노원구,중계본동,계,계,2020· 1/4,66
노원구,중계본동,계,계,2020· 2/4,65
노원구,중계본동,계,계,2020· 3/4,64
노원구,중계본동,계,계,2020· 4/4,62
노원구,중계1동,계,계,2020· 1/4,84
노원구,중계1동,계,계,2020· 2/4,93
노원구,중계1동,계,계,2020· 3/4,88
노원구,중계1동,계,계,2020· 4/4,91
노원구,중계4동,계,계,2020· 1/4,63
노원구,중계4동,계,계,2020· 2/4,61
노원구,중계4동,계,계,2020· 3/4,58
노원구,중계4동,계,계,2020· 4/4,57
노원구,상계1동,계,계,2020· 1/4,169
노원구,상계1동,계,계,2020· 2/4,164
노원구,상계1동,계,계,2020· 3/4,158
노원구,상계1동,계,계,2020· 4/4,160
노원구,상계2동,계,계,2020· 1/4,174
노원구,상계2동,계,계,2020· 2/4,166
노원구,상계2동,계,계,2020· 3/4,158
노원구,상계2동,계,계,2020· 4/4,157
노원구,상계5동,계,계,2020· 1/4,150
노원구,상계5동,계,계,2020· 2/4,135
노원구,상계5동,계,계,2020· 3/4,129
노원구,상계5동,계,계,2020· 4/4,130
노원구,상계8동,계,계,2020· 1/4,51
노원구,상계8동,계,계,2020· 2/4,51
노원구,상계8동,계,계,2020· 3/4,51
노원구,상계8동,계,계,2020· 4/4,49
노원구,상계9동,계,계,2020· 1/4,93
노원구,상계9동,계,계,2020· 2/4,88
노원구,상계9동,계,계,2020· 3/4,85
노원구,상계9동,계,계,2020· 4/4,85
노원구,상계10동,계,계,2020· 1/4,62
노원구,상계10동,계,계,2020· 2/4,60
노원구,상계10동,계,계,2020· 3/4,60
노원구,상계10동,계,계,2020· 4/4,60
노원구,상계3·4동,계,계,2020· 1/4,120
노원구,상계3·4동,계,계,2020· 2/4,112
노원구,상계3·4동,계,계,2020· 3/4,111
노원구,상계3·4동,계,계,2020· 4/4,108
노원구,상계6·7동,계,계,2020· 1/4,150
노원구,상계6·7동,계,계,2020· 2/4,147
노원구,상계6·7동,계,계,2020· 3/4,142
노원구,상계6·7동,계,계,2020· 4/4,133
노원구,중계2·3동,계,계,2020· 1/4,149
노원구,중계2·3동,계,계,2020· 2/4,130
노원구,중계2·3동,계,계,2020· 3/4,137
노원구,중계2·3동,계,계,2020· 4/4,140
노원구,공릉1동,계,계,2020· 1/4,690
노원구,공릉1동,계,계,2020· 2/4,649
노원구,공릉1동,계,계,2020· 3/4,672
노원구,공릉1동,계,계,2020· 4/4,644
은평구,소계,계,계,2020· 1/4,4490
은평구,소계,계,계,2020· 2/4,4414
은평구,소계,계,계,2020· 3/4,4296
은평구,소계,계,계,2020· 4/4,4208
은평구,녹번동,계,계,2020· 1/4,465
은평구,녹번동,계,계,2020· 2/4,465
은평구,녹번동,계,계,2020· 3/4,434
은평구,녹번동,계,계,2020· 4/4,419
은평구,불광1동,계,계,2020· 1/4,303
은평구,불광1동,계,계,2020· 2/4,299
은평구,불광1동,계,계,2020· 3/4,293
은평구,불광1동,계,계,2020· 4/4,289
은평구,갈현1동,계,계,2020· 1/4,238
은평구,갈현1동,계,계,2020· 2/4,232
은평구,갈현1동,계,계,2020· 3/4,231
은평구,갈현1동,계,계,2020· 4/4,229
은평구,갈현2동,계,계,2020· 1/4,380
은평구,갈현2동,계,계,2020· 2/4,376
은평구,갈현2동,계,계,2020· 3/4,359
은평구,갈현2동,계,계,2020· 4/4,354
은평구,구산동,계,계,2020· 1/4,241
은평구,구산동,계,계,2020· 2/4,247
은평구,구산동,계,계,2020· 3/4,248
은평구,구산동,계,계,2020· 4/4,248
은평구,대조동,계,계,2020· 1/4,387
은평구,대조동,계,계,2020· 2/4,372
은평구,대조동,계,계,2020· 3/4,363
은평구,대조동,계,계,2020· 4/4,339
은평구,응암1동,계,계,2020· 1/4,297
은평구,응암1동,계,계,2020· 2/4,300
은평구,응암1동,계,계,2020· 3/4,301
은평구,응암1동,계,계,2020· 4/4,302
은평구,응암2동,계,계,2020· 1/4,229
은평구,응암2동,계,계,2020· 2/4,223
은평구,응암2동,계,계,2020· 3/4,214
은평구,응암2동,계,계,2020· 4/4,207
은평구,신사1동,계,계,2020· 1/4,242
은평구,신사1동,계,계,2020· 2/4,233
은평구,신사1동,계,계,2020· 3/4,234
은평구,신사1동,계,계,2020· 4/4,229
은평구,신사2동,계,계,2020· 1/4,148
은평구,신사2동,계,계,2020· 2/4,138
은평구,신사2동,계,계,2020· 3/4,142
은평구,신사2동,계,계,2020· 4/4,140
은평구,증산동,계,계,2020· 1/4,148
은평구,증산동,계,계,2020· 2/4,142
은평구,증산동,계,계,2020· 3/4,135
은평구,증산동,계,계,2020· 4/4,132
은평구,수색동,계,계,2020· 1/4,68
은평구,수색동,계,계,2020· 2/4,65
은평구,수색동,계,계,2020· 3/4,67
은평구,수색동,계,계,2020· 4/4,69
은평구,진관동,계,계,2020· 1/4,247
은평구,진관동,계,계,2020· 2/4,240
은평구,진관동,계,계,2020· 3/4,229
은평구,진관동,계,계,2020· 4/4,234
은평구,불광2동,계,계,2020· 1/4,302
은평구,불광2동,계,계,2020· 2/4,305
은평구,불광2동,계,계,2020· 3/4,296
은평구,불광2동,계,계,2020· 4/4,299
은평구,응암3동,계,계,2020· 1/4,378
은평구,응암3동,계,계,2020· 2/4,367
은평구,응암3동,계,계,2020· 3/4,345
은평구,응암3동,계,계,2020· 4/4,335
은평구,역촌동,계,계,2020· 1/4,417
은평구,역촌동,계,계,2020· 2/4,410
은평구,역촌동,계,계,2020· 3/4,405
은평구,역촌동,계,계,2020· 4/4,383
서대문구,소계,계,계,2020· 1/4,13233
서대문구,소계,계,계,2020· 2/4,11504
서대문구,소계,계,계,2020· 3/4,10648
서대문구,소계,계,계,2020· 4/4,10779
서대문구,천연동,계,계,2020· 1/4,296
서대문구,천연동,계,계,2020· 2/4,277
서대문구,천연동,계,계,2020· 3/4,278
서대문구,천연동,계,계,2020· 4/4,265
서대문구,홍제1동,계,계,2020· 1/4,291
서대문구,홍제1동,계,계,2020· 2/4,286
서대문구,홍제1동,계,계,2020· 3/4,285
서대문구,홍제1동,계,계,2020· 4/4,264
서대문구,홍제3동,계,계,2020· 1/4,181
서대문구,홍제3동,계,계,2020· 2/4,182
서대문구,홍제3동,계,계,2020· 3/4,173
서대문구,홍제3동,계,계,2020· 4/4,164
서대문구,홍제2동,계,계,2020· 1/4,120
서대문구,홍제2동,계,계,2020· 2/4,117
서대문구,홍제2동,계,계,2020· 3/4,109
서대문구,홍제2동,계,계,2020· 4/4,106
서대문구,홍은1동,계,계,2020· 1/4,321
서대문구,홍은1동,계,계,2020· 2/4,264
서대문구,홍은1동,계,계,2020· 3/4,246
서대문구,홍은1동,계,계,2020· 4/4,253
서대문구,홍은2동,계,계,2020· 1/4,817
서대문구,홍은2동,계,계,2020· 2/4,730
서대문구,홍은2동,계,계,2020· 3/4,699
서대문구,홍은2동,계,계,2020· 4/4,742
서대문구,남가좌1동,계,계,2020· 1/4,306
서대문구,남가좌1동,계,계,2020· 2/4,280
서대문구,남가좌1동,계,계,2020· 3/4,253
서대문구,남가좌1동,계,계,2020· 4/4,247
서대문구,남가좌2동,계,계,2020· 1/4,1003
서대문구,남가좌2동,계,계,2020· 2/4,832
서대문구,남가좌2동,계,계,2020· 3/4,835
서대문구,남가좌2동,계,계,2020· 4/4,942
서대문구,북가좌1동,계,계,2020· 1/4,149
서대문구,북가좌1동,계,계,2020· 2/4,141
서대문구,북가좌1동,계,계,2020· 3/4,125
서대문구,북가좌1동,계,계,2020· 4/4,117
서대문구,북가좌2동,계,계,2020· 1/4,383
서대문구,북가좌2동,계,계,2020· 2/4,371
서대문구,북가좌2동,계,계,2020· 3/4,363
서대문구,북가좌2동,계,계,2020· 4/4,357
서대문구,충현동,계,계,2020· 1/4,457
서대문구,충현동,계,계,2020· 2/4,439
서대문구,충현동,계,계,2020· 3/4,422
서대문구,충현동,계,계,2020· 4/4,422
서대문구,북아현동,계,계,2020· 1/4,416
서대문구,북아현동,계,계,2020· 2/4,370
서대문구,북아현동,계,계,2020· 3/4,350
서대문구,북아현동,계,계,2020· 4/4,319
서대문구,신촌동,계,계,2020· 1/4,5254
서대문구,신촌동,계,계,2020· 2/4,4254
서대문구,신촌동,계,계,2020· 3/4,3710
서대문구,신촌동,계,계,2020· 4/4,3787
서대문구,연희동,계,계,2020· 1/4,3239
서대문구,연희동,계,계,2020· 2/4,2961
서대문구,연희동,계,계,2020· 3/4,2800
서대문구,연희동,계,계,2020· 4/4,2794
마포구,소계,계,계,2020· 1/4,11516
마포구,소계,계,계,2020· 2/4,10567
마포구,소계,계,계,2020· 3/4,9986
마포구,소계,계,계,2020· 4/4,9968
마포구,용강동,계,계,2020· 1/4,505
마포구,용강동,계,계,2020· 2/4,478
마포구,용강동,계,계,2020· 3/4,448
마포구,용강동,계,계,2020· 4/4,425
마포구,대흥동,계,계,2020· 1/4,1934
마포구,대흥동,계,계,2020· 2/4,1644
마포구,대흥동,계,계,2020· 3/4,1479
마포구,대흥동,계,계,2020· 4/4,1453
마포구,염리동,계,계,2020· 1/4,988
마포구,염리동,계,계,2020· 2/4,878
마포구,염리동,계,계,2020· 3/4,785
마포구,염리동,계,계,2020· 4/4,760
마포구,신수동,계,계,2020· 1/4,504
마포구,신수동,계,계,2020· 2/4,464
마포구,신수동,계,계,2020· 3/4,416
마포구,신수동,계,계,2020· 4/4,407
마포구,서교동,계,계,2020· 1/4,1764
마포구,서교동,계,계,2020· 2/4,1626
마포구,서교동,계,계,2020· 3/4,1583
마포구,서교동,계,계,2020· 4/4,1654
마포구,합정동,계,계,2020· 1/4,430
마포구,합정동,계,계,2020· 2/4,376
마포구,합정동,계,계,2020· 3/4,353
마포구,합정동,계,계,2020· 4/4,347
마포구,망원1동,계,계,2020· 1/4,365
마포구,망원1동,계,계,2020· 2/4,355
마포구,망원1동,계,계,2020· 3/4,339
마포구,망원1동,계,계,2020· 4/4,311
마포구,망원2동,계,계,2020· 1/4,205
마포구,망원2동,계,계,2020· 2/4,203
마포구,망원2동,계,계,2020· 3/4,188
마포구,망원2동,계,계,2020· 4/4,202
마포구,연남동,계,계,2020· 1/4,1070
마포구,연남동,계,계,2020· 2/4,1055
마포구,연남동,계,계,2020· 3/4,1029
마포구,연남동,계,계,2020· 4/4,1077
마포구,성산1동,계,계,2020· 1/4,377
마포구,성산1동,계,계,2020· 2/4,365
마포구,성산1동,계,계,2020· 3/4,344
마포구,성산1동,계,계,2020· 4/4,337
마포구,성산2동,계,계,2020· 1/4,312
마포구,성산2동,계,계,2020· 2/4,306
마포구,성산2동,계,계,2020· 3/4,313
마포구,성산2동,계,계,2020· 4/4,314
마포구,상암동,계,계,2020· 1/4,620
마포구,상암동,계,계,2020· 2/4,581
마포구,상암동,계,계,2020· 3/4,618
마포구,상암동,계,계,2020· 4/4,603
마포구,도화동,계,계,2020· 1/4,285
마포구,도화동,계,계,2020· 2/4,263
마포구,도화동,계,계,2020· 3/4,248
마포구,도화동,계,계,2020· 4/4,245
마포구,서강동,계,계,2020· 1/4,923
마포구,서강동,계,계,2020· 2/4,793
마포구,서강동,계,계,2020· 3/4,709
마포구,서강동,계,계,2020· 4/4,712
마포구,공덕동,계,계,2020· 1/4,727
마포구,공덕동,계,계,2020· 2/4,690
마포구,공덕동,계,계,2020· 3/4,665
마포구,공덕동,계,계,2020· 4/4,649
마포구,아현동,계,계,2020· 1/4,507
마포구,아현동,계,계,2020· 2/4,490
마포구,아현동,계,계,2020· 3/4,469
마포구,아현동,계,계,2020· 4/4,472
양천구,소계,계,계,2020· 1/4,4193
양천구,소계,계,계,2020· 2/4,4081
양천구,소계,계,계,2020· 3/4,3808
양천구,소계,계,계,2020· 4/4,3530
양천구,목1동,계,계,2020· 1/4,250
양천구,목1동,계,계,2020· 2/4,224
양천구,목1동,계,계,2020· 3/4,176
양천구,목1동,계,계,2020· 4/4,146
양천구,목2동,계,계,2020· 1/4,278
양천구,목2동,계,계,2020· 2/4,267
양천구,목2동,계,계,2020· 3/4,262
양천구,목2동,계,계,2020· 4/4,245
양천구,목3동,계,계,2020· 1/4,189
양천구,목3동,계,계,2020· 2/4,200
양천구,목3동,계,계,2020· 3/4,187
양천구,목3동,계,계,2020· 4/4,174
양천구,목4동,계,계,2020· 1/4,259
양천구,목4동,계,계,2020· 2/4,252
양천구,목4동,계,계,2020· 3/4,240
양천구,목4동,계,계,2020· 4/4,216
양천구,신월1동,계,계,2020· 1/4,348
양천구,신월1동,계,계,2020· 2/4,344
양천구,신월1동,계,계,2020· 3/4,327
양천구,신월1동,계,계,2020· 4/4,317
양천구,신월2동,계,계,2020· 1/4,186
양천구,신월2동,계,계,2020· 2/4,180
양천구,신월2동,계,계,2020· 3/4,179
양천구,신월2동,계,계,2020· 4/4,177
양천구,신월3동,계,계,2020· 1/4,242
양천구,신월3동,계,계,2020· 2/4,234
양천구,신월3동,계,계,2020· 3/4,222
양천구,신월3동,계,계,2020· 4/4,214
양천구,신월4동,계,계,2020· 1/4,93
양천구,신월4동,계,계,2020· 2/4,96
양천구,신월4동,계,계,2020· 3/4,90
양천구,신월4동,계,계,2020· 4/4,84
양천구,신월5동,계,계,2020· 1/4,161
양천구,신월5동,계,계,2020· 2/4,159
양천구,신월5동,계,계,2020· 3/4,156
양천구,신월5동,계,계,2020· 4/4,145
양천구,신월6동,계,계,2020· 1/4,43
양천구,신월6동,계,계,2020· 2/4,48
양천구,신월6동,계,계,2020· 3/4,49
양천구,신월6동,계,계,2020· 4/4,50
양천구,신월7동,계,계,2020· 1/4,143
양천구,신월7동,계,계,2020· 2/4,148
양천구,신월7동,계,계,2020· 3/4,144
양천구,신월7동,계,계,2020· 4/4,132
양천구,신정1동,계,계,2020· 1/4,187
양천구,신정1동,계,계,2020· 2/4,159
양천구,신정1동,계,계,2020· 3/4,136
양천구,신정1동,계,계,2020· 4/4,125
양천구,신정2동,계,계,2020· 1/4,239
양천구,신정2동,계,계,2020· 2/4,257
양천구,신정2동,계,계,2020· 3/4,222
양천구,신정2동,계,계,2020· 4/4,160
양천구,신정3동,계,계,2020· 1/4,440
양천구,신정3동,계,계,2020· 2/4,427
양천구,신정3동,계,계,2020· 3/4,412
양천구,신정3동,계,계,2020· 4/4,394
양천구,신정6동,계,계,2020· 1/4,28
양천구,신정6동,계,계,2020· 2/4,27
양천구,신정6동,계,계,2020· 3/4,25
양천구,신정6동,계,계,2020· 4/4,24
양천구,신정7동,계,계,2020· 1/4,222
양천구,신정7동,계,계,2020· 2/4,219
양천구,신정7동,계,계,2020· 3/4,192
양천구,신정7동,계,계,2020· 4/4,184
양천구,목5동,계,계,2020· 1/4,65
양천구,목5동,계,계,2020· 2/4,65
양천구,목5동,계,계,2020· 3/4,74
양천구,목5동,계,계,2020· 4/4,73
양천구,신정4동,계,계,2020· 1/4,820
양천구,신정4동,계,계,2020· 2/4,775
양천구,신정4동,계,계,2020· 3/4,715
양천구,신정4동,계,계,2020· 4/4,670
강서구,소계,계,계,2020· 1/4,6401
강서구,소계,계,계,2020· 2/4,6267
강서구,소계,계,계,2020· 3/4,5992
강서구,소계,계,계,2020· 4/4,5716
강서구,염창동,계,계,2020· 1/4,129
강서구,염창동,계,계,2020· 2/4,130
강서구,염창동,계,계,2020· 3/4,123
강서구,염창동,계,계,2020· 4/4,123
강서구,등촌1동,계,계,2020· 1/4,215
강서구,등촌1동,계,계,2020· 2/4,207
강서구,등촌1동,계,계,2020· 3/4,203
강서구,등촌1동,계,계,2020· 4/4,193
강서구,등촌2동,계,계,2020· 1/4,134
강서구,등촌2동,계,계,2020· 2/4,129
강서구,등촌2동,계,계,2020· 3/4,122
강서구,등촌2동,계,계,2020· 4/4,117
강서구,등촌3동,계,계,2020· 1/4,200
강서구,등촌3동,계,계,2020· 2/4,203
강서구,등촌3동,계,계,2020· 3/4,186
강서구,등촌3동,계,계,2020· 4/4,182
강서구,화곡본동,계,계,2020· 1/4,437
강서구,화곡본동,계,계,2020· 2/4,437
강서구,화곡본동,계,계,2020· 3/4,411
강서구,화곡본동,계,계,2020· 4/4,400
강서구,화곡2동,계,계,2020· 1/4,323
강서구,화곡2동,계,계,2020· 2/4,313
강서구,화곡2동,계,계,2020· 3/4,293
강서구,화곡2동,계,계,2020· 4/4,285
강서구,화곡3동,계,계,2020· 1/4,173
강서구,화곡3동,계,계,2020· 2/4,165
강서구,화곡3동,계,계,2020· 3/4,168
강서구,화곡3동,계,계,2020· 4/4,153
강서구,화곡4동,계,계,2020· 1/4,357
강서구,화곡4동,계,계,2020· 2/4,349
강서구,화곡4동,계,계,2020· 3/4,331
강서구,화곡4동,계,계,2020· 4/4,305
강서구,화곡6동,계,계,2020· 1/4,204
강서구,화곡6동,계,계,2020· 2/4,202
강서구,화곡6동,계,계,2020· 3/4,207
강서구,화곡6동,계,계,2020· 4/4,199
강서구,화곡8동,계,계,2020· 1/4,507
강서구,화곡8동,계,계,2020· 2/4,502
강서구,화곡8동,계,계,2020· 3/4,479
강서구,화곡8동,계,계,2020· 4/4,451
강서구,가양1동,계,계,2020· 1/4,340
강서구,가양1동,계,계,2020· 2/4,348
강서구,가양1동,계,계,2020· 3/4,363
강서구,가양1동,계,계,2020· 4/4,356
강서구,가양2동,계,계,2020· 1/4,90
강서구,가양2동,계,계,2020· 2/4,91
강서구,가양2동,계,계,2020· 3/4,89
강서구,가양2동,계,계,2020· 4/4,88
강서구,가양3동,계,계,2020· 1/4,112
강서구,가양3동,계,계,2020· 2/4,112
강서구,가양3동,계,계,2020· 3/4,106
강서구,가양3동,계,계,2020· 4/4,106
강서구,발산1동,계,계,2020· 1/4,152
강서구,발산1동,계,계,2020· 2/4,151
강서구,발산1동,계,계,2020· 3/4,145
강서구,발산1동,계,계,2020· 4/4,140
강서구,공항동,계,계,2020· 1/4,878
강서구,공항동,계,계,2020· 2/4,853
강서구,공항동,계,계,2020· 3/4,730
강서구,공항동,계,계,2020· 4/4,688
강서구,방화1동,계,계,2020· 1/4,302
강서구,방화1동,계,계,2020· 2/4,278
강서구,방화1동,계,계,2020· 3/4,259
강서구,방화1동,계,계,2020· 4/4,245
강서구,방화2동,계,계,2020· 1/4,341
강서구,방화2동,계,계,2020· 2/4,334
강서구,방화2동,계,계,2020· 3/4,338
강서구,방화2동,계,계,2020· 4/4,320
강서구,방화3동,계,계,2020· 1/4,157
강서구,방화3동,계,계,2020· 2/4,153
강서구,방화3동,계,계,2020· 3/4,146
강서구,방화3동,계,계,2020· 4/4,134
강서구,화곡1동,계,계,2020· 1/4,1132
강서구,화곡1동,계,계,2020· 2/4,1101
강서구,화곡1동,계,계,2020· 3/4,1086
강서구,화곡1동,계,계,2020· 4/4,1022
강서구,우장산동,계,계,2020· 1/4,218
강서구,우장산동,계,계,2020· 2/4,209
강서구,우장산동,계,계,2020· 3/4,207
강서구,우장산동,계,계,2020· 4/4,209
구로구,소계,계,계,2020· 1/4,32471
구로구,소계,계,계,2020· 2/4,31632
구로구,소계,계,계,2020· 3/4,30172
구로구,소계,계,계,2020· 4/4,28080
구로구,신도림동,계,계,2020· 1/4,338
구로구,신도림동,계,계,2020· 2/4,334
구로구,신도림동,계,계,2020· 3/4,330
구로구,신도림동,계,계,2020· 4/4,306
구로구,구로1동,계,계,2020· 1/4,497
구로구,구로1동,계,계,2020· 2/4,479
구로구,구로1동,계,계,2020· 3/4,438
구로구,구로1동,계,계,2020· 4/4,400
구로구,구로3동,계,계,2020· 1/4,1980
구로구,구로3동,계,계,2020· 2/4,1942
구로구,구로3동,계,계,2020· 3/4,1899
구로구,구로3동,계,계,2020· 4/4,1839
구로구,구로4동,계,계,2020· 1/4,5273
구로구,구로4동,계,계,2020· 2/4,5177
구로구,구로4동,계,계,2020· 3/4,4980
구로구,구로4동,계,계,2020· 4/4,4653
구로구,구로5동,계,계,2020· 1/4,3530
구로구,구로5동,계,계,2020· 2/4,3434
구로구,구로5동,계,계,2020· 3/4,3231
구로구,구로5동,계,계,2020· 4/4,2981
구로구,고척1동,계,계,2020· 1/4,462
구로구,고척1동,계,계,2020· 2/4,458
구로구,고척1동,계,계,2020· 3/4,421
구로구,고척1동,계,계,2020· 4/4,396
구로구,고척2동,계,계,2020· 1/4,605
구로구,고척2동,계,계,2020· 2/4,600
구로구,고척2동,계,계,2020· 3/4,571
구로구,고척2동,계,계,2020· 4/4,517
구로구,개봉2동,계,계,2020· 1/4,515
구로구,개봉2동,계,계,2020· 2/4,502
구로구,개봉2동,계,계,2020· 3/4,487
구로구,개봉2동,계,계,2020· 4/4,455
구로구,개봉3동,계,계,2020· 1/4,492
구로구,개봉3동,계,계,2020· 2/4,486
구로구,개봉3동,계,계,2020· 3/4,460
구로구,개봉3동,계,계,2020· 4/4,436
구로구,오류1동,계,계,2020· 1/4,756
구로구,오류1동,계,계,2020· 2/4,726
구로구,오류1동,계,계,2020· 3/4,713
구로구,오류1동,계,계,2020· 4/4,673
구로구,수궁동,계,계,2020· 1/4,357
구로구,수궁동,계,계,2020· 2/4,343
구로구,수궁동,계,계,2020· 3/4,337
구로구,수궁동,계,계,2020· 4/4,327
구로구,가리봉동,계,계,2020· 1/4,5875
구로구,가리봉동,계,계,2020· 2/4,5689
구로구,가리봉동,계,계,2020· 3/4,5434
구로구,가리봉동,계,계,2020· 4/4,4983
구로구,구로2동,계,계,2020· 1/4,9871
구로구,구로2동,계,계,2020· 2/4,9574
구로구,구로2동,계,계,2020· 3/4,9063
구로구,구로2동,계,계,2020· 4/4,8449
구로구,개봉1동,계,계,2020· 1/4,1068
구로구,개봉1동,계,계,2020· 2/4,1032
구로구,개봉1동,계,계,2020· 3/4,995
구로구,개봉1동,계,계,2020· 4/4,902
구로구,오류2동,계,계,2020· 1/4,831
구로구,오류2동,계,계,2020· 2/4,814
구로구,오류2동,계,계,2020· 3/4,769
구로구,오류2동,계,계,2020· 4/4,643
구로구,항동,계,계,2020· 1/4,21
구로구,항동,계,계,2020· 2/4,42
구로구,항동,계,계,2020· 3/4,44
구로구,항동,계,계,2020· 4/4,120
금천구,소계,계,계,2020· 1/4,18787
금천구,소계,계,계,2020· 2/4,18304
금천구,소계,계,계,2020· 3/4,17484
금천구,소계,계,계,2020· 4/4,16102
금천구,가산동,계,계,2020· 1/4,3378
금천구,가산동,계,계,2020· 2/4,3256
금천구,가산동,계,계,2020· 3/4,3144
금천구,가산동,계,계,2020· 4/4,2897
금천구,독산1동,계,계,2020· 1/4,2398
금천구,독산1동,계,계,2020· 2/4,2359
금천구,독산1동,계,계,2020· 3/4,2231
금천구,독산1동,계,계,2020· 4/4,2069
금천구,독산2동,계,계,2020· 1/4,1936
금천구,독산2동,계,계,2020· 2/4,1880
금천구,독산2동,계,계,2020· 3/4,1768
금천구,독산2동,계,계,2020· 4/4,1619
금천구,독산3동,계,계,2020· 1/4,4679
금천구,독산3동,계,계,2020· 2/4,4528
금천구,독산3동,계,계,2020· 3/4,4349
금천구,독산3동,계,계,2020· 4/4,3964
금천구,독산4동,계,계,2020· 1/4,2233
금천구,독산4동,계,계,2020· 2/4,2200
금천구,독산4동,계,계,2020· 3/4,2068
금천구,독산4동,계,계,2020· 4/4,1902
금천구,시흥1동,계,계,2020· 1/4,2354
금천구,시흥1동,계,계,2020· 2/4,2285
금천구,시흥1동,계,계,2020· 3/4,2172
금천구,시흥1동,계,계,2020· 4/4,2011
금천구,시흥2동,계,계,2020· 1/4,122
금천구,시흥2동,계,계,2020· 2/4,122
금천구,시흥2동,계,계,2020· 3/4,126
금천구,시흥2동,계,계,2020· 4/4,125
금천구,시흥3동,계,계,2020· 1/4,171
금천구,시흥3동,계,계,2020· 2/4,170
금천구,시흥3동,계,계,2020· 3/4,165
금천구,시흥3동,계,계,2020· 4/4,159
금천구,시흥4동,계,계,2020· 1/4,808
금천구,시흥4동,계,계,2020· 2/4,803
금천구,시흥4동,계,계,2020· 3/4,780
금천구,시흥4동,계,계,2020· 4/4,723
금천구,시흥5동,계,계,2020· 1/4,708
금천구,시흥5동,계,계,2020· 2/4,701
금천구,시흥5동,계,계,2020· 3/4,681
금천구,시흥5동,계,계,2020· 4/4,633
영등포구,소계,계,계,2020· 1/4,32863
영등포구,소계,계,계,2020· 2/4,31805
영등포구,소계,계,계,2020· 3/4,30352
영등포구,소계,계,계,2020· 4/4,27887
영등포구,여의동,계,계,2020· 1/4,377
영등포구,여의동,계,계,2020· 2/4,361
영등포구,여의동,계,계,2020· 3/4,331
영등포구,여의동,계,계,2020· 4/4,328
영등포구,당산1동,계,계,2020· 1/4,520
영등포구,당산1동,계,계,2020· 2/4,508
영등포구,당산1동,계,계,2020· 3/4,476
영등포구,당산1동,계,계,2020· 4/4,447
영등포구,당산2동,계,계,2020· 1/4,448
영등포구,당산2동,계,계,2020· 2/4,437
영등포구,당산2동,계,계,2020· 3/4,437
영등포구,당산2동,계,계,2020· 4/4,451
영등포구,양평1동,계,계,2020· 1/4,359
영등포구,양평1동,계,계,2020· 2/4,353
영등포구,양평1동,계,계,2020· 3/4,331
영등포구,양평1동,계,계,2020· 4/4,309
영등포구,양평2동,계,계,2020· 1/4,262
영등포구,양평2동,계,계,2020· 2/4,253
영등포구,양평2동,계,계,2020· 3/4,242
영등포구,양평2동,계,계,2020· 4/4,223
영등포구,신길1동,계,계,2020· 1/4,2024
영등포구,신길1동,계,계,2020· 2/4,1956
영등포구,신길1동,계,계,2020· 3/4,1868
영등포구,신길1동,계,계,2020· 4/4,1698
영등포구,신길3동,계,계,2020· 1/4,1374
영등포구,신길3동,계,계,2020· 2/4,1316
영등포구,신길3동,계,계,2020· 3/4,1266
영등포구,신길3동,계,계,2020· 4/4,1190
영등포구,신길4동,계,계,2020· 1/4,987
영등포구,신길4동,계,계,2020· 2/4,955
영등포구,신길4동,계,계,2020· 3/4,934
영등포구,신길4동,계,계,2020· 4/4,852
영등포구,신길5동,계,계,2020· 1/4,1609
영등포구,신길5동,계,계,2020· 2/4,1533
영등포구,신길5동,계,계,2020· 3/4,1457
영등포구,신길5동,계,계,2020· 4/4,1310
영등포구,신길6동,계,계,2020· 1/4,1214
영등포구,신길6동,계,계,2020· 2/4,1166
영등포구,신길6동,계,계,2020· 3/4,1117
영등포구,신길6동,계,계,2020· 4/4,1000
영등포구,신길7동,계,계,2020· 1/4,229
영등포구,신길7동,계,계,2020· 2/4,223
영등포구,신길7동,계,계,2020· 3/4,216
영등포구,신길7동,계,계,2020· 4/4,205
영등포구,대림1동,계,계,2020· 1/4,3404
영등포구,대림1동,계,계,2020· 2/4,3300
영등포구,대림1동,계,계,2020· 3/4,3118
영등포구,대림1동,계,계,2020· 4/4,2881
영등포구,대림2동,계,계,2020· 1/4,8547
영등포구,대림2동,계,계,2020· 2/4,8377
영등포구,대림2동,계,계,2020· 3/4,8020
영등포구,대림2동,계,계,2020· 4/4,7367
영등포구,대림3동,계,계,2020· 1/4,4878
영등포구,대림3동,계,계,2020· 2/4,4687
영등포구,대림3동,계,계,2020· 3/4,4473
영등포구,대림3동,계,계,2020· 4/4,4059
영등포구,영등포본동,계,계,2020· 1/4,2785
영등포구,영등포본동,계,계,2020· 2/4,2668
영등포구,영등포본동,계,계,2020· 3/4,2532
영등포구,영등포본동,계,계,2020· 4/4,2311
영등포구,영등포동,계,계,2020· 1/4,728
영등포구,영등포동,계,계,2020· 2/4,706
영등포구,영등포동,계,계,2020· 3/4,661
영등포구,영등포동,계,계,2020· 4/4,631
영등포구,도림동,계,계,2020· 1/4,2887
영등포구,도림동,계,계,2020· 2/4,2790
영등포구,도림동,계,계,2020· 3/4,2672
영등포구,도림동,계,계,2020· 4/4,2416
영등포구,문래동,계,계,2020· 1/4,231
영등포구,문래동,계,계,2020· 2/4,216
영등포구,문래동,계,계,2020· 3/4,201
영등포구,문래동,계,계,2020· 4/4,209
동작구,소계,계,계,2020· 1/4,12788
동작구,소계,계,계,2020· 2/4,11611
동작구,소계,계,계,2020· 3/4,11063
동작구,소계,계,계,2020· 4/4,10352
동작구,노량진2동,계,계,2020· 1/4,1038
동작구,노량진2동,계,계,2020· 2/4,988
동작구,노량진2동,계,계,2020· 3/4,926
동작구,노량진2동,계,계,2020· 4/4,843
동작구,상도1동,계,계,2020· 1/4,2274
동작구,상도1동,계,계,2020· 2/4,1856
동작구,상도1동,계,계,2020· 3/4,1743
동작구,상도1동,계,계,2020· 4/4,1701
동작구,상도2동,계,계,2020· 1/4,379
동작구,상도2동,계,계,2020· 2/4,358
동작구,상도2동,계,계,2020· 3/4,327
동작구,상도2동,계,계,2020· 4/4,306
동작구,상도3동,계,계,2020· 1/4,430
동작구,상도3동,계,계,2020· 2/4,418
동작구,상도3동,계,계,2020· 3/4,387
동작구,상도3동,계,계,2020· 4/4,347
동작구,상도4동,계,계,2020· 1/4,434
동작구,상도4동,계,계,2020· 2/4,429
동작구,상도4동,계,계,2020· 3/4,411
동작구,상도4동,계,계,2020· 4/4,363
동작구,사당1동,계,계,2020· 1/4,670
동작구,사당1동,계,계,2020· 2/4,656
동작구,사당1동,계,계,2020· 3/4,624
동작구,사당1동,계,계,2020· 4/4,561
동작구,사당3동,계,계,2020· 1/4,288
동작구,사당3동,계,계,2020· 2/4,275
동작구,사당3동,계,계,2020· 3/4,257
동작구,사당3동,계,계,2020· 4/4,232
동작구,사당4동,계,계,2020· 1/4,207
동작구,사당4동,계,계,2020· 2/4,195
동작구,사당4동,계,계,2020· 3/4,185
동작구,사당4동,계,계,2020· 4/4,178
동작구,사당5동,계,계,2020· 1/4,113
동작구,사당5동,계,계,2020· 2/4,114
동작구,사당5동,계,계,2020· 3/4,109
동작구,사당5동,계,계,2020· 4/4,109
동작구,대방동,계,계,2020· 1/4,445
동작구,대방동,계,계,2020· 2/4,423
동작구,대방동,계,계,2020· 3/4,398
동작구,대방동,계,계,2020· 4/4,377
동작구,신대방1동,계,계,2020· 1/4,2644
동작구,신대방1동,계,계,2020· 2/4,2510
동작구,신대방1동,계,계,2020· 3/4,2408
동작구,신대방1동,계,계,2020· 4/4,2163
동작구,신대방2동,계,계,2020· 1/4,301
동작구,신대방2동,계,계,2020· 2/4,286
동작구,신대방2동,계,계,2020· 3/4,275
동작구,신대방2동,계,계,2020· 4/4,264
동작구,흑석동,계,계,2020· 1/4,2693
동작구,흑석동,계,계,2020· 2/4,2289
동작구,흑석동,계,계,2020· 3/4,2217
동작구,흑석동,계,계,2020· 4/4,2153
동작구,노량진1동,계,계,2020· 1/4,390
동작구,노량진1동,계,계,2020· 2/4,358
동작구,노량진1동,계,계,2020· 3/4,355
동작구,노량진1동,계,계,2020· 4/4,335
동작구,사당2동,계,계,2020· 1/4,482
동작구,사당2동,계,계,2020· 2/4,456
동작구,사당2동,계,계,2020· 3/4,441
동작구,사당2동,계,계,2020· 4/4,420
관악구,소계,계,계,2020· 1/4,17288
관악구,소계,계,계,2020· 2/4,16578
관악구,소계,계,계,2020· 3/4,15981
관악구,소계,계,계,2020· 4/4,14743
관악구,보라매동,계,계,2020· 1/4,1184
관악구,보라매동,계,계,2020· 2/4,1008
관악구,보라매동,계,계,2020· 3/4,864
관악구,보라매동,계,계,2020· 4/4,715
관악구,청림동,계,계,2020· 1/4,139
관악구,청림동,계,계,2020· 2/4,131
관악구,청림동,계,계,2020· 3/4,126
관악구,청림동,계,계,2020· 4/4,120
관악구,행운동,계,계,2020· 1/4,545
관악구,행운동,계,계,2020· 2/4,535
관악구,행운동,계,계,2020· 3/4,526
관악구,행운동,계,계,2020· 4/4,497
관악구,낙성대동,계,계,2020· 1/4,744
관악구,낙성대동,계,계,2020· 2/4,687
관악구,낙성대동,계,계,2020· 3/4,629
관악구,낙성대동,계,계,2020· 4/4,566
관악구,중앙동,계,계,2020· 1/4,453
관악구,중앙동,계,계,2020· 2/4,448
관악구,중앙동,계,계,2020· 3/4,435
관악구,중앙동,계,계,2020· 4/4,386
관악구,인헌동,계,계,2020· 1/4,406
관악구,인헌동,계,계,2020· 2/4,373
관악구,인헌동,계,계,2020· 3/4,363
관악구,인헌동,계,계,2020· 4/4,346
관악구,남현동,계,계,2020· 1/4,201
관악구,남현동,계,계,2020· 2/4,213
관악구,남현동,계,계,2020· 3/4,225
관악구,남현동,계,계,2020· 4/4,203
관악구,서원동,계,계,2020· 1/4,886
관악구,서원동,계,계,2020· 2/4,835
관악구,서원동,계,계,2020· 3/4,786
관악구,서원동,계,계,2020· 4/4,717
관악구,신원동,계,계,2020· 1/4,1226
관악구,신원동,계,계,2020· 2/4,1160
관악구,신원동,계,계,2020· 3/4,1125
관악구,신원동,계,계,2020· 4/4,977
관악구,서림동,계,계,2020· 1/4,577
관악구,서림동,계,계,2020· 2/4,595
관악구,서림동,계,계,2020· 3/4,597
관악구,서림동,계,계,2020· 4/4,571
관악구,신사동,계,계,2020· 1/4,3088
관악구,신사동,계,계,2020· 2/4,2977
관악구,신사동,계,계,2020· 3/4,2865
관악구,신사동,계,계,2020· 4/4,2629
관악구,신림동,계,계,2020· 1/4,953
관악구,신림동,계,계,2020· 2/4,929
관악구,신림동,계,계,2020· 3/4,865
관악구,신림동,계,계,2020· 4/4,818
관악구,난향동,계,계,2020· 1/4,127
관악구,난향동,계,계,2020· 2/4,137
관악구,난향동,계,계,2020· 3/4,122
관악구,난향동,계,계,2020· 4/4,116
관악구,조원동,계,계,2020· 1/4,2034
관악구,조원동,계,계,2020· 2/4,1935
관악구,조원동,계,계,2020· 3/4,1835
관악구,조원동,계,계,2020· 4/4,1674
관악구,대학동,계,계,2020· 1/4,1073
관악구,대학동,계,계,2020· 2/4,1118
관악구,대학동,계,계,2020· 3/4,1228
관악구,대학동,계,계,2020· 4/4,1238
관악구,은천동,계,계,2020· 1/4,666
관악구,은천동,계,계,2020· 2/4,642
관악구,은천동,계,계,2020· 3/4,608
관악구,은천동,계,계,2020· 4/4,572
관악구,성현동,계,계,2020· 1/4,200
관악구,성현동,계,계,2020· 2/4,193
관악구,성현동,계,계,2020· 3/4,176
관악구,성현동,계,계,2020· 4/4,176
관악구,청룡동,계,계,2020· 1/4,1362
관악구,청룡동,계,계,2020· 2/4,1296
관악구,청룡동,계,계,2020· 3/4,1281
관악구,청룡동,계,계,2020· 4/4,1197
관악구,난곡동,계,계,2020· 1/4,567
관악구,난곡동,계,계,2020· 2/4,544
관악구,난곡동,계,계,2020· 3/4,533
관악구,난곡동,계,계,2020· 4/4,494
관악구,삼성동,계,계,2020· 1/4,180
관악구,삼성동,계,계,2020· 2/4,165
관악구,삼성동,계,계,2020· 3/4,163
관악구,삼성동,계,계,2020· 4/4,150
관악구,미성동,계,계,2020· 1/4,677
관악구,미성동,계,계,2020· 2/4,657
관악구,미성동,계,계,2020· 3/4,629
관악구,미성동,계,계,2020· 4/4,581
서초구,소계,계,계,2020· 1/4,4233
서초구,소계,계,계,2020· 2/4,4143
서초구,소계,계,계,2020· 3/4,3986
서초구,소계,계,계,2020· 4/4,3899
서초구,서초1동,계,계,2020· 1/4,236
서초구,서초1동,계,계,2020· 2/4,218
서초구,서초1동,계,계,2020· 3/4,197
서초구,서초1동,계,계,2020· 4/4,197
서초구,서초2동,계,계,2020· 1/4,286
서초구,서초2동,계,계,2020· 2/4,254
서초구,서초2동,계,계,2020· 3/4,238
서초구,서초2동,계,계,2020· 4/4,228
서초구,서초3동,계,계,2020· 1/4,324
서초구,서초3동,계,계,2020· 2/4,336
서초구,서초3동,계,계,2020· 3/4,346
서초구,서초3동,계,계,2020· 4/4,328
서초구,서초4동,계,계,2020· 1/4,271
서초구,서초4동,계,계,2020· 2/4,251
서초구,서초4동,계,계,2020· 3/4,251
서초구,서초4동,계,계,2020· 4/4,248
서초구,잠원동,계,계,2020· 1/4,212
서초구,잠원동,계,계,2020· 2/4,200
서초구,잠원동,계,계,2020· 3/4,194
서초구,잠원동,계,계,2020· 4/4,186
서초구,반포본동,계,계,2020· 1/4,65
서초구,반포본동,계,계,2020· 2/4,68
서초구,반포본동,계,계,2020· 3/4,57
서초구,반포본동,계,계,2020· 4/4,51
서초구,반포1동,계,계,2020· 1/4,390
서초구,반포1동,계,계,2020· 2/4,373
서초구,반포1동,계,계,2020· 3/4,338
서초구,반포1동,계,계,2020· 4/4,313
서초구,반포2동,계,계,2020· 1/4,175
서초구,반포2동,계,계,2020· 2/4,168
서초구,반포2동,계,계,2020· 3/4,164
서초구,반포2동,계,계,2020· 4/4,164
서초구,반포3동,계,계,2020· 1/4,56
서초구,반포3동,계,계,2020· 2/4,62
서초구,반포3동,계,계,2020· 3/4,57
서초구,반포3동,계,계,2020· 4/4,60
서초구,반포4동,계,계,2020· 1/4,574
서초구,반포4동,계,계,2020· 2/4,595
서초구,반포4동,계,계,2020· 3/4,575
서초구,반포4동,계,계,2020· 4/4,587
서초구,방배본동,계,계,2020· 1/4,203
서초구,방배본동,계,계,2020· 2/4,203
서초구,방배본동,계,계,2020· 3/4,181
서초구,방배본동,계,계,2020· 4/4,191
서초구,방배1동,계,계,2020· 1/4,132
서초구,방배1동,계,계,2020· 2/4,126
서초구,방배1동,계,계,2020· 3/4,119
서초구,방배1동,계,계,2020· 4/4,117
서초구,방배2동,계,계,2020· 1/4,156
서초구,방배2동,계,계,2020· 2/4,154
서초구,방배2동,계,계,2020· 3/4,153
서초구,방배2동,계,계,2020· 4/4,146
서초구,방배3동,계,계,2020· 1/4,154
서초구,방배3동,계,계,2020· 2/4,142
서초구,방배3동,계,계,2020· 3/4,137
서초구,방배3동,계,계,2020· 4/4,130
서초구,방배4동,계,계,2020· 1/4,280
서초구,방배4동,계,계,2020· 2/4,285
서초구,방배4동,계,계,2020· 3/4,280
서초구,방배4동,계,계,2020· 4/4,276
서초구,양재1동,계,계,2020· 1/4,389
서초구,양재1동,계,계,2020· 2/4,378
서초구,양재1동,계,계,2020· 3/4,372
서초구,양재1동,계,계,2020· 4/4,368
서초구,양재2동,계,계,2020· 1/4,265
서초구,양재2동,계,계,2020· 2/4,264
서초구,양재2동,계,계,2020· 3/4,264
서초구,양재2동,계,계,2020· 4/4,245
서초구,내곡동,계,계,2020· 1/4,65
서초구,내곡동,계,계,2020· 2/4,66
서초구,내곡동,계,계,2020· 3/4,63
서초구,내곡동,계,계,2020· 4/4,64
강남구,소계,계,계,2020· 1/4,5094
강남구,소계,계,계,2020· 2/4,4925
강남구,소계,계,계,2020· 3/4,4850
강남구,소계,계,계,2020· 4/4,4824
강남구,신사동,계,계,2020· 1/4,279
강남구,신사동,계,계,2020· 2/4,267
강남구,신사동,계,계,2020· 3/4,256
강남구,신사동,계,계,2020· 4/4,251
강남구,논현1동,계,계,2020· 1/4,680
강남구,논현1동,계,계,2020· 2/4,696
강남구,논현1동,계,계,2020· 3/4,695
강남구,논현1동,계,계,2020· 4/4,722
강남구,논현2동,계,계,2020· 1/4,302
강남구,논현2동,계,계,2020· 2/4,300
강남구,논현2동,계,계,2020· 3/4,261
강남구,논현2동,계,계,2020· 4/4,258
강남구,삼성1동,계,계,2020· 1/4,279
강남구,삼성1동,계,계,2020· 2/4,240
강남구,삼성1동,계,계,2020· 3/4,235
강남구,삼성1동,계,계,2020· 4/4,209
강남구,삼성2동,계,계,2020· 1/4,238
강남구,삼성2동,계,계,2020· 2/4,253
강남구,삼성2동,계,계,2020· 3/4,242
강남구,삼성2동,계,계,2020· 4/4,242
강남구,대치1동,계,계,2020· 1/4,41
강남구,대치1동,계,계,2020· 2/4,38
강남구,대치1동,계,계,2020· 3/4,33
강남구,대치1동,계,계,2020· 4/4,33
강남구,대치4동,계,계,2020· 1/4,304
강남구,대치4동,계,계,2020· 2/4,284
강남구,대치4동,계,계,2020· 3/4,277
강남구,대치4동,계,계,2020· 4/4,283
강남구,역삼1동,계,계,2020· 1/4,1004
강남구,역삼1동,계,계,2020· 2/4,945
강남구,역삼1동,계,계,2020· 3/4,948
강남구,역삼1동,계,계,2020· 4/4,947
강남구,역삼2동,계,계,2020· 1/4,327
강남구,역삼2동,계,계,2020· 2/4,313
강남구,역삼2동,계,계,2020· 3/4,322
강남구,역삼2동,계,계,2020· 4/4,324
강남구,도곡1동,계,계,2020· 1/4,157
강남구,도곡1동,계,계,2020· 2/4,147
강남구,도곡1동,계,계,2020· 3/4,149
강남구,도곡1동,계,계,2020· 4/4,142
강남구,도곡2동,계,계,2020· 1/4,112
강남구,도곡2동,계,계,2020· 2/4,109
강남구,도곡2동,계,계,2020· 3/4,111
강남구,도곡2동,계,계,2020· 4/4,103
강남구,개포1동,계,계,2020· 1/4,25
강남구,개포1동,계,계,2020· 2/4,24
강남구,개포1동,계,계,2020· 3/4,25
강남구,개포1동,계,계,2020· 4/4,24
강남구,개포4동,계,계,2020· 1/4,166
강남구,개포4동,계,계,2020· 2/4,166
강남구,개포4동,계,계,2020· 3/4,160
강남구,개포4동,계,계,2020· 4/4,164
강남구,일원본동,계,계,2020· 1/4,33
강남구,일원본동,계,계,2020· 2/4,34
강남구,일원본동,계,계,2020· 3/4,33
강남구,일원본동,계,계,2020· 4/4,29
강남구,일원1동,계,계,2020· 1/4,165
강남구,일원1동,계,계,2020· 2/4,158
강남구,일원1동,계,계,2020· 3/4,158
강남구,일원1동,계,계,2020· 4/4,155
강남구,일원2동,계,계,2020· 1/4,69
강남구,일원2동,계,계,2020· 2/4,70
강남구,일원2동,계,계,2020· 3/4,72
강남구,일원2동,계,계,2020· 4/4,66
강남구,수서동,계,계,2020· 1/4,73
강남구,수서동,계,계,2020· 2/4,72
강남구,수서동,계,계,2020· 3/4,71
강남구,수서동,계,계,2020· 4/4,68
강남구,세곡동,계,계,2020· 1/4,195
강남구,세곡동,계,계,2020· 2/4,197
강남구,세곡동,계,계,2020· 3/4,191
강남구,세곡동,계,계,2020· 4/4,183
강남구,압구정동,계,계,2020· 1/4,171
강남구,압구정동,계,계,2020· 2/4,168
강남구,압구정동,계,계,2020· 3/4,168
강남구,압구정동,계,계,2020· 4/4,170
강남구,청담동,계,계,2020· 1/4,265
강남구,청담동,계,계,2020· 2/4,241
강남구,청담동,계,계,2020· 3/4,237
강남구,청담동,계,계,2020· 4/4,237
강남구,대치2동,계,계,2020· 1/4,153
강남구,대치2동,계,계,2020· 2/4,143
강남구,대치2동,계,계,2020· 3/4,140
강남구,대치2동,계,계,2020· 4/4,152
강남구,개포2동,계,계,2020· 1/4,56
강남구,개포2동,계,계,2020· 2/4,60
강남구,개포2동,계,계,2020· 3/4,66
강남구,개포2동,계,계,2020· 4/4,62
송파구,소계,계,계,2020· 1/4,6788
송파구,소계,계,계,2020· 2/4,6555
송파구,소계,계,계,2020· 3/4,6342
송파구,소계,계,계,2020· 4/4,5966
송파구,풍납1동,계,계,2020· 1/4,823
송파구,풍납1동,계,계,2020· 2/4,799
송파구,풍납1동,계,계,2020· 3/4,769
송파구,풍납1동,계,계,2020· 4/4,684
송파구,풍납2동,계,계,2020· 1/4,204
송파구,풍납2동,계,계,2020· 2/4,195
송파구,풍납2동,계,계,2020· 3/4,184
송파구,풍납2동,계,계,2020· 4/4,185
송파구,거여1동,계,계,2020· 1/4,107
송파구,거여1동,계,계,2020· 2/4,109
송파구,거여1동,계,계,2020· 3/4,105
송파구,거여1동,계,계,2020· 4/4,97
송파구,거여2동,계,계,2020· 1/4,79
송파구,거여2동,계,계,2020· 2/4,76
송파구,거여2동,계,계,2020· 3/4,85
송파구,거여2동,계,계,2020· 4/4,87
송파구,마천1동,계,계,2020· 1/4,210
송파구,마천1동,계,계,2020· 2/4,204
송파구,마천1동,계,계,2020· 3/4,193
송파구,마천1동,계,계,2020· 4/4,178
송파구,마천2동,계,계,2020· 1/4,188
송파구,마천2동,계,계,2020· 2/4,182
송파구,마천2동,계,계,2020· 3/4,169
송파구,마천2동,계,계,2020· 4/4,158
송파구,방이1동,계,계,2020· 1/4,131
송파구,방이1동,계,계,2020· 2/4,126
송파구,방이1동,계,계,2020· 3/4,111
송파구,방이1동,계,계,2020· 4/4,110
송파구,방이2동,계,계,2020· 1/4,551
송파구,방이2동,계,계,2020· 2/4,521
송파구,방이2동,계,계,2020· 3/4,526
송파구,방이2동,계,계,2020· 4/4,506
송파구,오륜동,계,계,2020· 1/4,11
송파구,오륜동,계,계,2020· 2/4,10
송파구,오륜동,계,계,2020· 3/4,11
송파구,오륜동,계,계,2020· 4/4,11
송파구,오금동,계,계,2020· 1/4,198
송파구,오금동,계,계,2020· 2/4,183
송파구,오금동,계,계,2020· 3/4,174
송파구,오금동,계,계,2020· 4/4,164
송파구,송파1동,계,계,2020· 1/4,460
송파구,송파1동,계,계,2020· 2/4,439
송파구,송파1동,계,계,2020· 3/4,408
송파구,송파1동,계,계,2020· 4/4,377
송파구,송파2동,계,계,2020· 1/4,167
송파구,송파2동,계,계,2020· 2/4,156
송파구,송파2동,계,계,2020· 3/4,159
송파구,송파2동,계,계,2020· 4/4,154
송파구,석촌동,계,계,2020· 1/4,729
송파구,석촌동,계,계,2020· 2/4,703
송파구,석촌동,계,계,2020· 3/4,685
송파구,석촌동,계,계,2020· 4/4,639
송파구,삼전동,계,계,2020· 1/4,414
송파구,삼전동,계,계,2020· 2/4,396
송파구,삼전동,계,계,2020· 3/4,390
송파구,삼전동,계,계,2020· 4/4,384
송파구,가락본동,계,계,2020· 1/4,360
송파구,가락본동,계,계,2020· 2/4,363
송파구,가락본동,계,계,2020· 3/4,339
송파구,가락본동,계,계,2020· 4/4,311
송파구,가락1동,계,계,2020· 1/4,87
송파구,가락1동,계,계,2020· 2/4,83
송파구,가락1동,계,계,2020· 3/4,79
송파구,가락1동,계,계,2020· 4/4,84
송파구,가락2동,계,계,2020· 1/4,220
송파구,가락2동,계,계,2020· 2/4,210
송파구,가락2동,계,계,2020· 3/4,201
송파구,가락2동,계,계,2020· 4/4,189
송파구,문정1동,계,계,2020· 1/4,207
송파구,문정1동,계,계,2020· 2/4,198
송파구,문정1동,계,계,2020· 3/4,192
송파구,문정1동,계,계,2020· 4/4,179
송파구,문정2동,계,계,2020· 1/4,179
송파구,문정2동,계,계,2020· 2/4,171
송파구,문정2동,계,계,2020· 3/4,166
송파구,문정2동,계,계,2020· 4/4,169
송파구,잠실본동,계,계,2020· 1/4,593
송파구,잠실본동,계,계,2020· 2/4,576
송파구,잠실본동,계,계,2020· 3/4,567
송파구,잠실본동,계,계,2020· 4/4,521
송파구,잠실4동,계,계,2020· 1/4,80
송파구,잠실4동,계,계,2020· 2/4,76
송파구,잠실4동,계,계,2020· 3/4,81
송파구,잠실4동,계,계,2020· 4/4,77
송파구,잠실6동,계,계,2020· 1/4,212
송파구,잠실6동,계,계,2020· 2/4,209
송파구,잠실6동,계,계,2020· 3/4,193
송파구,잠실6동,계,계,2020· 4/4,168
송파구,잠실7동,계,계,2020· 1/4,14
송파구,잠실7동,계,계,2020· 2/4,16
송파구,잠실7동,계,계,2020· 3/4,15
송파구,잠실7동,계,계,2020· 4/4,15
송파구,잠실2동,계,계,2020· 1/4,103
송파구,잠실2동,계,계,2020· 2/4,109
송파구,잠실2동,계,계,2020· 3/4,102
송파구,잠실2동,계,계,2020· 4/4,106
송파구,잠실3동,계,계,2020· 1/4,204
송파구,잠실3동,계,계,2020· 2/4,193
송파구,잠실3동,계,계,2020· 3/4,192
송파구,잠실3동,계,계,2020· 4/4,181
송파구,장지동,계,계,2020· 1/4,202
송파구,장지동,계,계,2020· 2/4,192
송파구,장지동,계,계,2020· 3/4,184
송파구,장지동,계,계,2020· 4/4,171
송파구,위례동,계,계,2020· 1/4,55
송파구,위례동,계,계,2020· 2/4,60
송파구,위례동,계,계,2020· 3/4,62
송파구,위례동,계,계,2020· 4/4,61
강동구,소계,계,계,2020· 1/4,4396
강동구,소계,계,계,2020· 2/4,4383
강동구,소계,계,계,2020· 3/4,4217
강동구,소계,계,계,2020· 4/4,4028
강동구,강일동,계,계,2020· 1/4,140
강동구,강일동,계,계,2020· 2/4,141
강동구,강일동,계,계,2020· 3/4,143
강동구,강일동,계,계,2020· 4/4,169
강동구,상일동,계,계,2020· 1/4,120
강동구,상일동,계,계,2020· 2/4,146
강동구,상일동,계,계,2020· 3/4,125
강동구,상일동,계,계,2020· 4/4,123
강동구,명일1동,계,계,2020· 1/4,98
강동구,명일1동,계,계,2020· 2/4,97
강동구,명일1동,계,계,2020· 3/4,91
강동구,명일1동,계,계,2020· 4/4,89
강동구,명일2동,계,계,2020· 1/4,42
강동구,명일2동,계,계,2020· 2/4,46
강동구,명일2동,계,계,2020· 3/4,47
강동구,명일2동,계,계,2020· 4/4,42
강동구,고덕1동,계,계,2020· 1/4,109
강동구,고덕1동,계,계,2020· 2/4,113
강동구,고덕1동,계,계,2020· 3/4,117
강동구,고덕1동,계,계,2020· 4/4,142
강동구,고덕2동,계,계,2020· 1/4,100
강동구,고덕2동,계,계,2020· 2/4,110
강동구,고덕2동,계,계,2020· 3/4,113
강동구,고덕2동,계,계,2020· 4/4,111
강동구,암사2동,계,계,2020· 1/4,52
강동구,암사2동,계,계,2020· 2/4,60
강동구,암사2동,계,계,2020· 3/4,62
강동구,암사2동,계,계,2020· 4/4,64
강동구,암사3동,계,계,2020· 1/4,57
강동구,암사3동,계,계,2020· 2/4,50
강동구,암사3동,계,계,2020· 3/4,55
강동구,암사3동,계,계,2020· 4/4,49
강동구,천호1동,계,계,2020· 1/4,312
강동구,천호1동,계,계,2020· 2/4,300
강동구,천호1동,계,계,2020· 3/4,286
강동구,천호1동,계,계,2020· 4/4,257
강동구,천호3동,계,계,2020· 1/4,546
강동구,천호3동,계,계,2020· 2/4,539
강동구,천호3동,계,계,2020· 3/4,513
강동구,천호3동,계,계,2020· 4/4,500
강동구,성내1동,계,계,2020· 1/4,132
강동구,성내1동,계,계,2020· 2/4,130
강동구,성내1동,계,계,2020· 3/4,131
강동구,성내1동,계,계,2020· 4/4,125
강동구,성내2동,계,계,2020· 1/4,786
강동구,성내2동,계,계,2020· 2/4,757
강동구,성내2동,계,계,2020· 3/4,719
강동구,성내2동,계,계,2020· 4/4,643
강동구,성내3동,계,계,2020· 1/4,310
강동구,성내3동,계,계,2020· 2/4,298
강동구,성내3동,계,계,2020· 3/4,279
강동구,성내3동,계,계,2020· 4/4,263
강동구,둔촌1동,계,계,2020· 1/4,13
강동구,둔촌1동,계,계,2020· 2/4,13
강동구,둔촌1동,계,계,2020· 3/4,13
강동구,둔촌1동,계,계,2020· 4/4,13
강동구,둔촌2동,계,계,2020· 1/4,144
강동구,둔촌2동,계,계,2020· 2/4,140
강동구,둔촌2동,계,계,2020· 3/4,137
강동구,둔촌2동,계,계,2020· 4/4,129
강동구,암사1동,계,계,2020· 1/4,314
강동구,암사1동,계,계,2020· 2/4,323
강동구,암사1동,계,계,2020· 3/4,316
강동구,암사1동,계,계,2020· 4/4,296
강동구,천호2동,계,계,2020· 1/4,789
강동구,천호2동,계,계,2020· 2/4,789
강동구,천호2동,계,계,2020· 3/4,745
강동구,천호2동,계,계,2020· 4/4,701
강동구,길동,계,계,2020· 1/4,332
강동구,길동,계,계,2020· 2/4,331
강동구,길동,계,계,2020· 3/4,325
강동구,길동,계,계,2020· 4/4,312
